{"cameraMode":{"drawMode":0,"name":"Shaded","section":"Shading Mode"},"sceneLighting":true,"audioPlay":false,"sceneViewState":{"m_AlwaysRefresh":false,"showFog":true,"showSkybox":true,"showFlares":true,"showImageEffects":true,"showParticleSystems":true,"showVisualEffectGraphs":true,"m_FxEnabled":true},"in2DMode":false,"pivot":{"x":0.004317164421081543,"y":0.021884500980377198,"z":0.0038453340530395509},"rotation":{"x":0.33163580298423769,"y":0.6670050024986267,"z":-0.49744048714637759,"w":0.44463953375816347},"size":3.154611349105835,"orthographic":false}